{
  "version": 1,
  "author": "Uri Shaked",
  "editor": "wokwi",
  "parts": [
    { "type": "board-esp32-devkit-c-v4", "id": "esp", "top": -38.4, "left": -148.76, "attrs": {} },
    { "type": "wokwi-dht22", "id": "dht1", "top": -172.5, "left": 71.4, "attrs": {} },
    { "type": "wokwi-relay-module", "id": "relay1", "top": -172.6, "left": -201.6, "attrs": {} },
    {
      "type": "wokwi-buzzer",
      "id": "bz1",
      "top": -74.4,
      "left": -295.8,
      "attrs": { "volume": "0.1" }
    },
    { "type": "wokwi-led", "id": "led1", "top": -3.6, "left": -409, "attrs": { "color": "red" } },
    {
      "type": "wokwi-led",
      "id": "led2",
      "top": -3.6,
      "left": -351.4,
      "attrs": { "color": "green" }
    },
    {
      "type": "wokwi-led",
      "id": "led3",
      "top": -3.6,
      "left": -466.6,
      "attrs": { "color": "yellow" }
    },
    {
      "type": "wokwi-resistor",
      "id": "r1",
      "top": 205.55,
      "left": -364.8,
      "attrs": { "value": "1000" }
    },
    {
      "type": "wokwi-resistor",
      "id": "r2",
      "top": 176.75,
      "left": -364.8,
      "attrs": { "value": "1000" }
    },
    {
      "type": "wokwi-resistor",
      "id": "r3",
      "top": 147.95,
      "left": -364.8,
      "attrs": { "value": "1000" }
    }
  ],
  "connections": [
    [ "esp:TX", "$serialMonitor:RX", "", [] ],
    [ "esp:RX", "$serialMonitor:TX", "", [] ],
    [ "led3:C", "esp:GND.1", "black", [ "v86.4", "h365.2" ] ],
    [ "led1:C", "esp:GND.1", "black", [ "v86.4", "h0.4", "v0", "h0", "v0", "h0", "v0", "h0" ] ],
    [ "led2:C", "esp:GND.1", "black", [ "v86.4", "h250" ] ],
    [ "bz1:1", "esp:GND.1", "green", [ "v144", "h124.8" ] ],
    [ "esp:33", "bz1:2", "green", [ "h0" ] ],
    [ "led2:A", "r3:1", "green", [ "v76.8", "h19.2" ] ],
    [ "r3:2", "esp:12", "green", [ "v0", "h162" ] ],
    [ "led1:A", "r2:1", "green", [ "v57.6", "h76.8" ] ],
    [ "r2:2", "esp:27", "green", [ "v0" ] ],
    [ "led3:A", "r1:1", "green", [ "v38.4", "h134.4" ] ],
    [ "r1:2", "esp:25", "green", [ "v0", "h162" ] ],
    [ "dht1:SDA", "esp:18", "green", [ "v19.2", "h-115.1" ] ],
    [ "relay1:VCC", "esp:3V3", "red", [ "h-19.2", "v144" ] ],
    [ "relay1:GND", "esp:GND.2", "black", [ "h-9.6", "v66.8", "h0", "v0", "h0" ] ],
    [
      "dht1:VCC",
      "esp:3V3",
      "red",
      [ "v28.8", "h-38.4", "v0", "h0", "v0", "h0", "v0", "h0", "v0", "h-163.2", "v-134.4" ]
    ],
    [
      "dht1:GND",
      "esp:GND.2",
      "black",
      [ "v48", "h-86.4", "v0", "h0", "v0", "h0", "v0", "h-9.6", "v0", "h0", "v0" ]
    ],
    [
      "relay1:IN",
      "esp:22",
      "green",
      [
        "h0",
        "v38.2",
        "h0",
        "v0",
        "h115.2",
        "v9.6",
        "h28.8",
        "v67.2",
        "h0",
        "v0",
        "h0",
        "v0",
        "h0",
        "v0",
        "h0",
        "v0",
        "h0",
        "v0"
      ]
    ]
  ],
  "dependencies": {}
}